contest_id,draft_group_id,fantasy_player_points,is_double_up,is_fifty_fifty,is_guaranteed,is_head_to_head,is_starred,name,payout,sport,starts_at,entry_fee,entry_max
152282242,94064,0.0,False,False,True,False,True,NBA Showdown $50 Quarter Jukebox [Just $0.25!] (NOP vs ATL),50.0,NBA,2023-10-14 19:30:00+00:00,0.25,237
152282243,94064,1.0,False,False,True,False,True,NBA Showdown $100 And-One (NOP vs ATL),100.0,NBA,2023-10-14 19:30:00+00:00,1.0,118
152282244,94064,5.0,False,False,True,False,True,NBA Showdown $100 High Five [Single Entry] (NOP vs ATL),100.0,NBA,2023-10-14 19:30:00+00:00,5.0,23
152282245,94064,27.0,False,False,True,False,True,NBA Showdown $240 Fast Break [Single Entry] (NOP vs ATL),240.0,NBA,2023-10-14 19:30:00+00:00,27.0,10
152282246,94064,10.0,False,False,True,False,True,NBA Showdown $1K Pull Up Jumper [$200 to 1st] (NOP vs ATL),1000.0,NBA,2023-10-14 19:30:00+00:00,10.0,117
152282336,94066,5.0,False,False,True,False,True,NBA $500 High Five [Single Entry],500.0,NBA,2023-10-14 23:30:00+00:00,5.0,118
152282337,94066,0.0,False,False,True,False,True,NBA $200 Quarter Jukebox,200.0,NBA,2023-10-14 23:30:00+00:00,0.25,951
152282338,94066,1.0,False,False,True,False,True,NBA $2K And-One [20 Entry Max],2000.0,NBA,2023-10-14 23:30:00+00:00,1.0,2378
152282339,94066,12.0,False,False,True,False,True,NBA $200 Pick and Roll [Single Entry],200.0,NBA,2023-10-14 23:30:00+00:00,12.0,19
152282340,94066,4.0,False,False,True,False,True,NBA $250 Four Point Play,250.0,NBA,2023-10-14 23:30:00+00:00,4.0,74
152282341,94066,50.0,False,False,True,False,True,NBA $500 Ankle Breaker [Single Entry],500.0,NBA,2023-10-14 23:30:00+00:00,50.0,11
152282342,94066,1060.0,False,False,False,False,True,NBA $4K All Star [Single Entry] (Must Fill),4000.0,NBA,2023-10-14 23:30:00+00:00,1060.0,4
152282343,94066,33.0,False,False,True,False,True,NBA $400 Triple Threat [Single Entry],400.0,NBA,2023-10-14 23:30:00+00:00,33.0,14
152282344,94066,15.0,False,False,True,False,True,NBA $15K Fadeaway [$5K to 1st],15000.0,NBA,2023-10-14 23:30:00+00:00,15.0,1176
152282345,94066,180.0,False,False,True,False,True,NBA $2.6K Windmill [$1K to 1st],2600.0,NBA,2023-10-14 23:30:00+00:00,180.0,16
152282451,94068,0.0,False,False,True,False,True,NBA Showdown $100 Quarter Jukebox [Just $0.25!] (POR vs UTA),100.0,NBA,2023-10-15 01:00:00+00:00,0.25,475
152282452,94068,1.0,False,False,True,False,True,NBA Showdown $300 And-One (POR vs UTA),300.0,NBA,2023-10-15 01:00:00+00:00,1.0,356
152282453,94068,10.0,False,False,True,False,True,NBA Showdown $4K Pull Up Jumper [$1K to 1st] (POR vs UTA),4000.0,NBA,2023-10-15 01:00:00+00:00,10.0,470
152282454,94068,5.0,False,False,True,False,True,NBA Showdown $100 High Five [Single Entry] (POR vs UTA),100.0,NBA,2023-10-15 01:00:00+00:00,5.0,23
152282455,94068,27.0,False,False,True,False,True,NBA Showdown $240 Fast Break [Single Entry] (POR vs UTA),240.0,NBA,2023-10-15 01:00:00+00:00,27.0,10
152282456,94068,50.0,False,False,True,False,True,NBA Showdown $50 Winner Take All [$220 to 1st] (POR vs UTA),220.0,NBA,2023-10-15 01:00:00+00:00,50.0,5
152286771,94064,20.0,False,False,False,False,False,Beginner NBA Showdown $20 3-Player (NOP vs ATL),54.0,NBA,2023-10-14 19:30:00+00:00,20.0,3
152286772,94064,50.0,False,False,False,False,False,Beginner NBA Showdown $50 3-Player (NOP vs ATL),135.0,NBA,2023-10-14 19:30:00+00:00,50.0,3
152286773,94064,10.0,False,False,False,False,False,Beginner NBA Showdown $10 3-Player (NOP vs ATL),27.0,NBA,2023-10-14 19:30:00+00:00,10.0,3
152286774,94064,5.0,False,False,False,False,False,Beginner NBA Showdown $5 3-Player (NOP vs ATL),13.5,NBA,2023-10-14 19:30:00+00:00,5.0,3
152286775,94064,1.0,False,False,False,False,False,Beginner NBA Showdown $1 3-Player (NOP vs ATL),2.7,NBA,2023-10-14 19:30:00+00:00,1.0,3
152286776,94064,5300.0,True,False,False,False,False,"NBA Showdown $5,300 50-50 (NOP vs ATL)",20000.0,NBA,2023-10-14 19:30:00+00:00,5300.0,4
152286777,94064,1060.0,True,False,False,False,False,"NBA Showdown $1,060 50-50 (NOP vs ATL)",4000.0,NBA,2023-10-14 19:30:00+00:00,1060.0,4
152286778,94064,530.0,True,False,False,False,False,NBA Showdown $530 50-50 (NOP vs ATL),2000.0,NBA,2023-10-14 19:30:00+00:00,530.0,4
152286779,94064,162.0,True,False,False,False,False,NBA Showdown $162 50-50 (NOP vs ATL),600.0,NBA,2023-10-14 19:30:00+00:00,162.0,4
152286780,94064,109.0,True,False,False,False,False,NBA Showdown $109 50-50 (NOP vs ATL),400.0,NBA,2023-10-14 19:30:00+00:00,109.0,4
152286781,94064,50.0,True,False,False,False,False,NBA Showdown $50 50-50 (NOP vs ATL),180.0,NBA,2023-10-14 19:30:00+00:00,50.0,4
152286782,94064,20.0,True,False,False,False,False,NBA Showdown $20 50-50 (NOP vs ATL),360.0,NBA,2023-10-14 19:30:00+00:00,20.0,20
152286783,94064,20.0,True,False,False,False,False,NBA Showdown $20 50-50 (NOP vs ATL),180.0,NBA,2023-10-14 19:30:00+00:00,20.0,10
152286784,94064,20.0,True,False,False,False,False,NBA Showdown $20 50-50 (NOP vs ATL),72.0,NBA,2023-10-14 19:30:00+00:00,20.0,4
152286785,94064,20.0,True,False,False,False,False,NBA Showdown $20 50-50 (NOP vs ATL),72.0,NBA,2023-10-14 19:30:00+00:00,20.0,4
152286786,94064,10.0,True,False,False,False,False,NBA Showdown $10 50-50 (NOP vs ATL),180.0,NBA,2023-10-14 19:30:00+00:00,10.0,20
152286787,94064,10.0,True,False,False,False,False,NBA Showdown $10 50-50 (NOP vs ATL),90.0,NBA,2023-10-14 19:30:00+00:00,10.0,10
152286788,94064,10.0,True,False,False,False,False,NBA Showdown $10 50-50 (NOP vs ATL),90.0,NBA,2023-10-14 19:30:00+00:00,10.0,10
152286789,94064,10.0,True,False,False,False,False,NBA Showdown $10 50-50 (NOP vs ATL),36.0,NBA,2023-10-14 19:30:00+00:00,10.0,4
152286790,94064,10.0,True,False,False,False,False,NBA Showdown $10 50-50 (NOP vs ATL),36.0,NBA,2023-10-14 19:30:00+00:00,10.0,4
152286791,94064,10.0,True,False,False,False,False,NBA Showdown $10 50-50 (NOP vs ATL),36.0,NBA,2023-10-14 19:30:00+00:00,10.0,4
152286792,94064,5.0,True,False,False,False,False,NBA Showdown $5 50-50 (NOP vs ATL),90.0,NBA,2023-10-14 19:30:00+00:00,5.0,20
152286793,94064,5.0,True,False,False,False,False,NBA Showdown $5 50-50 (NOP vs ATL),90.0,NBA,2023-10-14 19:30:00+00:00,5.0,20
152286794,94064,5.0,True,False,False,False,False,NBA Showdown $5 50-50 (NOP vs ATL),45.0,NBA,2023-10-14 19:30:00+00:00,5.0,10
152286795,94064,5.0,True,False,False,False,False,NBA Showdown $5 50-50 (NOP vs ATL),45.0,NBA,2023-10-14 19:30:00+00:00,5.0,10
152286796,94064,5.0,True,False,False,False,False,NBA Showdown $5 50-50 (NOP vs ATL),45.0,NBA,2023-10-14 19:30:00+00:00,5.0,10
152286797,94064,2.0,True,False,False,False,False,NBA Showdown $2 50-50 (NOP vs ATL),36.0,NBA,2023-10-14 19:30:00+00:00,2.0,20
152286798,94064,2.0,True,False,False,False,False,NBA Showdown $2 50-50 (NOP vs ATL),36.0,NBA,2023-10-14 19:30:00+00:00,2.0,20
152286799,94064,2.0,True,False,False,False,False,NBA Showdown $2 50-50 (NOP vs ATL),18.0,NBA,2023-10-14 19:30:00+00:00,2.0,10
152286800,94064,2.0,True,False,False,False,False,NBA Showdown $2 50-50 (NOP vs ATL),18.0,NBA,2023-10-14 19:30:00+00:00,2.0,10
152286801,94064,2.0,True,False,False,False,False,NBA Showdown $2 50-50 (NOP vs ATL),18.0,NBA,2023-10-14 19:30:00+00:00,2.0,10
152286802,94064,1.0,True,False,False,False,False,NBA Showdown $1 50-50 (NOP vs ATL),18.0,NBA,2023-10-14 19:30:00+00:00,1.0,20
152286803,94064,1.0,True,False,False,False,False,NBA Showdown $1 50-50 (NOP vs ATL),18.0,NBA,2023-10-14 19:30:00+00:00,1.0,20
152286804,94064,1.0,True,False,False,False,False,NBA Showdown $1 50-50 (NOP vs ATL),9.0,NBA,2023-10-14 19:30:00+00:00,1.0,10
152286805,94064,1.0,True,False,False,False,False,NBA Showdown $1 50-50 (NOP vs ATL),9.0,NBA,2023-10-14 19:30:00+00:00,1.0,10
152286806,94064,1.0,True,False,False,False,False,NBA Showdown $1 50-50 (NOP vs ATL),9.0,NBA,2023-10-14 19:30:00+00:00,1.0,10
152286807,94064,50.0,True,False,False,False,False,Beginner NBA Showdown $50 50-50 (NOP vs ATL),180.0,NBA,2023-10-14 19:30:00+00:00,50.0,4
152286808,94064,20.0,True,False,False,False,False,Beginner NBA Showdown $20 50-50 (NOP vs ATL),72.0,NBA,2023-10-14 19:30:00+00:00,20.0,4
152286809,94064,10.0,True,False,False,False,False,Beginner NBA Showdown $10 50-50 (NOP vs ATL),90.0,NBA,2023-10-14 19:30:00+00:00,10.0,10
152286810,94064,5.0,True,False,False,False,False,Beginner NBA Showdown $5 50-50 (NOP vs ATL),45.0,NBA,2023-10-14 19:30:00+00:00,5.0,10
152286811,94064,3.0,True,False,False,False,False,Beginner NBA Showdown $3 50-50 (NOP vs ATL),27.0,NBA,2023-10-14 19:30:00+00:00,3.0,10
152286812,94064,1.0,True,False,False,False,False,Beginner NBA Showdown $1 50-50 (NOP vs ATL),9.0,NBA,2023-10-14 19:30:00+00:00,1.0,10
152286813,94064,10.0,False,False,False,False,False,Beginner NBA Showdown $10 5-Player (NOP vs ATL),45.0,NBA,2023-10-14 19:30:00+00:00,10.0,5
152286814,94064,5.0,False,False,False,False,False,Beginner NBA Showdown $5 5-Player (NOP vs ATL),22.5,NBA,2023-10-14 19:30:00+00:00,5.0,5
152286815,94064,5.0,False,False,False,False,False,Beginner NBA Showdown $5 3-Player (NOP vs ATL),13.5,NBA,2023-10-14 19:30:00+00:00,5.0,3
152286816,94064,2.0,False,False,False,False,False,Beginner NBA Showdown $2 5-Player (NOP vs ATL),9.0,NBA,2023-10-14 19:30:00+00:00,2.0,5
152286817,94064,2.0,False,False,False,False,False,Beginner NBA Showdown $2 3-Player (NOP vs ATL),5.4,NBA,2023-10-14 19:30:00+00:00,2.0,3
152286818,94064,1.0,False,False,False,False,False,Beginner NBA Showdown $1 5-Player (NOP vs ATL),4.5,NBA,2023-10-14 19:30:00+00:00,1.0,5
152286819,94064,10600.0,False,False,False,False,False,"NBA Showdown $10,600 3-Player (NOP vs ATL)",30000.0,NBA,2023-10-14 19:30:00+00:00,10600.0,3
152286820,94064,5300.0,False,False,False,False,False,"NBA Showdown $5,300 3-Player (NOP vs ATL)",15000.0,NBA,2023-10-14 19:30:00+00:00,5300.0,3
152286821,94064,1060.0,False,False,False,False,False,"NBA Showdown $1,060 3-Player (NOP vs ATL)",3000.0,NBA,2023-10-14 19:30:00+00:00,1060.0,3
152286822,94064,530.0,False,False,False,False,False,NBA Showdown $530 3-Player (NOP vs ATL),1500.0,NBA,2023-10-14 19:30:00+00:00,530.0,3
152286823,94064,162.0,False,False,False,False,False,NBA Showdown $162 3-Player (NOP vs ATL),450.0,NBA,2023-10-14 19:30:00+00:00,162.0,3
152286824,94064,109.0,False,False,False,False,False,NBA Showdown $109 3-Player (NOP vs ATL),300.0,NBA,2023-10-14 19:30:00+00:00,109.0,3
152286825,94064,109.0,False,False,False,False,False,NBA Showdown $109 3-Player (NOP vs ATL),300.0,NBA,2023-10-14 19:30:00+00:00,109.0,3
152286826,94064,50.0,False,False,False,False,False,NBA Showdown $50 5-Player (NOP vs ATL),225.0,NBA,2023-10-14 19:30:00+00:00,50.0,5
152286827,94064,50.0,False,False,False,False,False,NBA Showdown $50 3-Player (NOP vs ATL),135.0,NBA,2023-10-14 19:30:00+00:00,50.0,3
152286828,94064,20.0,False,False,False,False,False,NBA Showdown $20 5-Player (NOP vs ATL),90.0,NBA,2023-10-14 19:30:00+00:00,20.0,5
152286829,94064,20.0,False,False,False,False,False,NBA Showdown $20 5-Player (NOP vs ATL),90.0,NBA,2023-10-14 19:30:00+00:00,20.0,5
152286830,94064,20.0,False,False,False,False,False,NBA Showdown $20 3-Player (NOP vs ATL),54.0,NBA,2023-10-14 19:30:00+00:00,20.0,3
152286831,94064,20.0,False,False,False,False,False,NBA Showdown $20 3-Player (NOP vs ATL),54.0,NBA,2023-10-14 19:30:00+00:00,20.0,3
152286832,94064,20.0,False,False,False,False,False,NBA Showdown $20 3-Player (NOP vs ATL),54.0,NBA,2023-10-14 19:30:00+00:00,20.0,3
152286833,94064,10.0,False,False,False,False,False,NBA Showdown $10 10-Player (NOP vs ATL),90.0,NBA,2023-10-14 19:30:00+00:00,10.0,10
152286834,94064,10.0,False,False,False,False,False,NBA Showdown $10 5-Player (NOP vs ATL),45.0,NBA,2023-10-14 19:30:00+00:00,10.0,5
152286835,94064,10.0,False,False,False,False,False,NBA Showdown $10 5-Player (NOP vs ATL),45.0,NBA,2023-10-14 19:30:00+00:00,10.0,5
152286836,94064,10.0,False,False,False,False,False,NBA Showdown $10 3-Player (NOP vs ATL),27.0,NBA,2023-10-14 19:30:00+00:00,10.0,3
152286837,94064,10.0,False,False,False,False,False,NBA Showdown $10 3-Player (NOP vs ATL),27.0,NBA,2023-10-14 19:30:00+00:00,10.0,3
152286838,94064,10.0,False,False,False,False,False,NBA Showdown $10 3-Player (NOP vs ATL),27.0,NBA,2023-10-14 19:30:00+00:00,10.0,3
152286839,94064,5.0,False,False,False,False,False,NBA Showdown $5 10-Player (NOP vs ATL),45.0,NBA,2023-10-14 19:30:00+00:00,5.0,10
152286840,94064,5.0,False,False,False,False,False,NBA Showdown $5 10-Player (NOP vs ATL),45.0,NBA,2023-10-14 19:30:00+00:00,5.0,10
152286841,94064,5.0,False,False,False,False,False,NBA Showdown $5 5-Player (NOP vs ATL),22.5,NBA,2023-10-14 19:30:00+00:00,5.0,5
152286842,94064,5.0,False,False,False,False,False,NBA Showdown $5 5-Player (NOP vs ATL),22.5,NBA,2023-10-14 19:30:00+00:00,5.0,5
152286843,94064,5.0,False,False,False,False,False,NBA Showdown $5 5-Player (NOP vs ATL),22.5,NBA,2023-10-14 19:30:00+00:00,5.0,5
152286844,94064,5.0,False,False,False,False,False,NBA Showdown $5 3-Player (NOP vs ATL),13.5,NBA,2023-10-14 19:30:00+00:00,5.0,3
152286845,94064,5.0,False,False,False,False,False,NBA Showdown $5 3-Player (NOP vs ATL),13.5,NBA,2023-10-14 19:30:00+00:00,5.0,3
152286846,94064,5.0,False,False,False,False,False,NBA Showdown $5 3-Player (NOP vs ATL),13.5,NBA,2023-10-14 19:30:00+00:00,5.0,3
152286847,94064,2.0,False,False,False,False,False,NBA Showdown $2 20-Player (NOP vs ATL),36.0,NBA,2023-10-14 19:30:00+00:00,2.0,20
152286848,94064,2.0,False,False,False,False,False,NBA Showdown $2 20-Player (NOP vs ATL),36.0,NBA,2023-10-14 19:30:00+00:00,2.0,20
152286849,94064,2.0,False,False,False,False,False,NBA Showdown $2 10-Player (NOP vs ATL),18.0,NBA,2023-10-14 19:30:00+00:00,2.0,10
152286850,94064,2.0,False,False,False,False,False,NBA Showdown $2 10-Player (NOP vs ATL),18.0,NBA,2023-10-14 19:30:00+00:00,2.0,10
152286851,94064,2.0,False,False,False,False,False,NBA Showdown $2 10-Player (NOP vs ATL),18.0,NBA,2023-10-14 19:30:00+00:00,2.0,10
152286852,94064,2.0,False,False,False,False,False,NBA Showdown $2 5-Player (NOP vs ATL),9.0,NBA,2023-10-14 19:30:00+00:00,2.0,5
152286853,94064,2.0,False,False,False,False,False,NBA Showdown $2 5-Player (NOP vs ATL),9.0,NBA,2023-10-14 19:30:00+00:00,2.0,5
152286854,94064,2.0,False,False,False,False,False,NBA Showdown $2 5-Player (NOP vs ATL),9.0,NBA,2023-10-14 19:30:00+00:00,2.0,5
152286855,94064,2.0,False,False,False,False,False,NBA Showdown $2 3-Player (NOP vs ATL),5.4,NBA,2023-10-14 19:30:00+00:00,2.0,3
152286856,94064,2.0,False,False,False,False,False,NBA Showdown $2 3-Player (NOP vs ATL),5.4,NBA,2023-10-14 19:30:00+00:00,2.0,3
152286857,94064,2.0,False,False,False,False,False,NBA Showdown $2 3-Player (NOP vs ATL),5.4,NBA,2023-10-14 19:30:00+00:00,2.0,3
152286858,94064,1.0,False,False,False,False,False,NBA Showdown $1 10-Player (NOP vs ATL),9.0,NBA,2023-10-14 19:30:00+00:00,1.0,10
152286859,94064,1.0,False,False,False,False,False,NBA Showdown $1 5-Player (NOP vs ATL),4.5,NBA,2023-10-14 19:30:00+00:00,1.0,5
152286860,94064,1.0,False,False,False,False,False,NBA Showdown $1 3-Player (NOP vs ATL),2.7,NBA,2023-10-14 19:30:00+00:00,1.0,3
152286861,94064,1.0,False,False,False,False,False,NBA Showdown $1 3-Player (NOP vs ATL),2.7,NBA,2023-10-14 19:30:00+00:00,1.0,3
152286862,94064,109.0,True,False,False,False,False,NBA Showdown $109 50-50 (NOP vs ATL),600.0,NBA,2023-10-14 19:30:00+00:00,109.0,6
152286863,94064,10600.0,False,False,False,False,False,"NBA Showdown $10,600 4-Player (Winner Takes All) (NOP vs ATL)",40000.0,NBA,2023-10-14 19:30:00+00:00,10600.0,4
152286864,94064,10600.0,False,False,False,False,False,"NBA Showdown $10,600 4-Player (Winner Takes All) (NOP vs ATL)",40000.0,NBA,2023-10-14 19:30:00+00:00,10600.0,4
152286865,94064,10600.0,False,False,False,False,False,"NBA Showdown $10,600 4-Player (Winner Takes All) (NOP vs ATL)",40000.0,NBA,2023-10-14 19:30:00+00:00,10600.0,4
152286866,94064,50.0,True,False,False,False,False,Casual NBA Showdown $50 50-50 (NOP vs ATL),180.0,NBA,2023-10-14 19:30:00+00:00,50.0,4
152286867,94064,20.0,True,False,False,False,False,Casual NBA Showdown $20 50-50 (NOP vs ATL),72.0,NBA,2023-10-14 19:30:00+00:00,20.0,4
152286868,94064,10.0,True,False,False,False,False,Casual NBA Showdown $10 50-50 (NOP vs ATL),90.0,NBA,2023-10-14 19:30:00+00:00,10.0,10
152286869,94064,5.0,True,False,False,False,False,Casual NBA Showdown $5 50-50 (NOP vs ATL),45.0,NBA,2023-10-14 19:30:00+00:00,5.0,10
152286870,94064,3.0,True,False,False,False,False,Casual NBA Showdown $3 50-50 (NOP vs ATL),27.0,NBA,2023-10-14 19:30:00+00:00,3.0,10
152286871,94064,3.0,True,False,False,False,False,Casual NBA Showdown $3 50-50 (NOP vs ATL),10.8,NBA,2023-10-14 19:30:00+00:00,3.0,4
152286872,94064,1.0,True,False,False,False,False,Casual NBA Showdown $1 50-50 (NOP vs ATL),9.0,NBA,2023-10-14 19:30:00+00:00,1.0,10
152286873,94064,50.0,False,False,False,False,False,Casual NBA Showdown $50 3-Player (NOP vs ATL),135.0,NBA,2023-10-14 19:30:00+00:00,50.0,3
152286874,94064,20.0,False,False,False,False,False,Casual NBA Showdown $20 3-Player (NOP vs ATL),54.0,NBA,2023-10-14 19:30:00+00:00,20.0,3
152286875,94064,10.0,False,False,False,False,False,Casual NBA Showdown $10 5-Player (NOP vs ATL),45.0,NBA,2023-10-14 19:30:00+00:00,10.0,5
152286876,94064,10.0,False,False,False,False,False,Casual NBA Showdown $10 3-Player (NOP vs ATL),27.0,NBA,2023-10-14 19:30:00+00:00,10.0,3
152286877,94064,2.0,False,False,False,False,False,Casual NBA Showdown $2 5-Player (NOP vs ATL),9.0,NBA,2023-10-14 19:30:00+00:00,2.0,5
152286878,94064,2.0,False,False,False,False,False,Casual NBA Showdown $2 3-Player (NOP vs ATL),5.4,NBA,2023-10-14 19:30:00+00:00,2.0,3
152286879,94064,109.0,False,False,False,False,False,Casual NBA Showdown $109 5-Player (NOP vs ATL),500.0,NBA,2023-10-14 19:30:00+00:00,109.0,5
152286880,94064,10.0,True,False,False,False,False,NBA Showdown $10 Double Up (NOP vs ATL),100.0,NBA,2023-10-14 19:30:00+00:00,10.0,11
152286881,94064,25.0,True,False,False,False,False,NBA Showdown $25 Double Up (NOP vs ATL),250.0,NBA,2023-10-14 19:30:00+00:00,25.0,11
152286882,94064,50.0,True,False,False,False,False,NBA Showdown $50 Double Up (NOP vs ATL),500.0,NBA,2023-10-14 19:30:00+00:00,50.0,11
152286883,94064,5.0,True,False,False,False,False,NBA Showdown $5 Double Up (NOP vs ATL),50.0,NBA,2023-10-14 19:30:00+00:00,5.0,11
152286884,94064,3.0,True,False,False,False,False,NBA Showdown $3 Double Up (NOP vs ATL),30.0,NBA,2023-10-14 19:30:00+00:00,3.0,11
152286885,94064,1.0,True,False,False,False,False,NBA Showdown $1 Double Up (NOP vs ATL),10.0,NBA,2023-10-14 19:30:00+00:00,1.0,11
152286886,94064,25.0,True,False,False,False,False,NBA Showdown $25 Double Up (NOP vs ATL),500.0,NBA,2023-10-14 19:30:00+00:00,25.0,22
152286887,94064,50.0,True,False,False,False,False,NBA Showdown $50 Double Up (NOP vs ATL),1000.0,NBA,2023-10-14 19:30:00+00:00,50.0,22
152286888,94064,1060.0,False,False,False,False,True,NBA Showdown $4K All Star [Single Entry] (Must Fill) (NOP vs ATL),4000.0,NBA,2023-10-14 19:30:00+00:00,1060.0,4
152286889,94064,267.0,False,False,False,False,True,NBA Showdown $267 Winner Take All [$1K to 1st] (Must Fill) (NOP vs ATL),1000.0,NBA,2023-10-14 19:30:00+00:00,267.0,4
152286890,94064,408.0,False,False,False,False,True,"NBA Showdown $408 Winner Take All [$1.5K to 1st, Must Fill] (NOP vs ATL)",1500.0,NBA,2023-10-14 19:30:00+00:00,408.0,4
152286891,94064,6.0,False,False,False,False,True,"Reignmakers UFC 2023 Booster Pack Special [Must Fill, 2x to 1st] (NOP vs ATL)",19.98,NBA,2023-10-14 19:30:00+00:00,5.55,4
152286892,94064,6.0,False,False,False,False,True,"Reignmakers UFC 2023 Booster Pack Special [Must Fill, 2x to 1st] (NOP vs ATL)",19.98,NBA,2023-10-14 19:30:00+00:00,5.55,4
152286893,94064,6.0,False,False,False,False,True,"Reignmakers UFC 2023 Booster Pack Special [Must Fill, 2x to 1st] (NOP vs ATL)",19.98,NBA,2023-10-14 19:30:00+00:00,5.55,4
152286894,94064,8.0,False,False,False,False,True,NBA Showdown Satellite to 2024 NAS America's Race [Must Fill] (NOP vs ATL),36.0,NBA,2023-10-14 19:30:00+00:00,8.0,5
152286895,94066,20.0,False,False,False,False,False,Beginner NBA $20 3-Player,54.0,NBA,2023-10-14 23:30:00+00:00,20.0,3
152286896,94066,50.0,False,False,False,False,False,Beginner NBA $50 3-Player,135.0,NBA,2023-10-14 23:30:00+00:00,50.0,3
152286897,94066,10.0,False,False,False,False,False,Beginner NBA $10 3-Player,27.0,NBA,2023-10-14 23:30:00+00:00,10.0,3
152286898,94066,5.0,False,False,False,False,False,Beginner NBA $5 3-Player,13.5,NBA,2023-10-14 23:30:00+00:00,5.0,3
152286899,94066,1.0,False,False,False,False,False,Beginner NBA $1 3-Player,2.7,NBA,2023-10-14 23:30:00+00:00,1.0,3
152286900,94066,5300.0,True,False,False,False,False,"NBA $5,300 50-50",20000.0,NBA,2023-10-14 23:30:00+00:00,5300.0,4
152286901,94066,1060.0,True,False,False,False,False,"NBA $1,060 50-50",4000.0,NBA,2023-10-14 23:30:00+00:00,1060.0,4
152286902,94066,530.0,True,False,False,False,False,NBA $530 50-50,2000.0,NBA,2023-10-14 23:30:00+00:00,530.0,4
152286903,94066,162.0,True,False,False,False,False,NBA $162 50-50,600.0,NBA,2023-10-14 23:30:00+00:00,162.0,4
152286904,94066,109.0,True,False,False,False,False,NBA $109 50-50,400.0,NBA,2023-10-14 23:30:00+00:00,109.0,4
152286905,94066,50.0,True,False,False,False,False,NBA $50 50-50,180.0,NBA,2023-10-14 23:30:00+00:00,50.0,4
152286906,94066,20.0,True,False,False,False,False,NBA $20 50-50,360.0,NBA,2023-10-14 23:30:00+00:00,20.0,20
152286907,94066,20.0,True,False,False,False,False,NBA $20 50-50,180.0,NBA,2023-10-14 23:30:00+00:00,20.0,10
152286908,94066,20.0,True,False,False,False,False,NBA $20 50-50,72.0,NBA,2023-10-14 23:30:00+00:00,20.0,4
152286909,94066,20.0,True,False,False,False,False,NBA $20 50-50,72.0,NBA,2023-10-14 23:30:00+00:00,20.0,4
152286910,94066,10.0,True,False,False,False,False,NBA $10 50-50,180.0,NBA,2023-10-14 23:30:00+00:00,10.0,20
152286911,94066,10.0,True,False,False,False,False,NBA $10 50-50,90.0,NBA,2023-10-14 23:30:00+00:00,10.0,10
152286912,94066,10.0,True,False,False,False,False,NBA $10 50-50,90.0,NBA,2023-10-14 23:30:00+00:00,10.0,10
152286913,94066,10.0,True,False,False,False,False,NBA $10 50-50,36.0,NBA,2023-10-14 23:30:00+00:00,10.0,4
152286914,94066,10.0,True,False,False,False,False,NBA $10 50-50,36.0,NBA,2023-10-14 23:30:00+00:00,10.0,4
152286915,94066,10.0,True,False,False,False,False,NBA $10 50-50,36.0,NBA,2023-10-14 23:30:00+00:00,10.0,4
152286916,94066,5.0,True,False,False,False,False,NBA $5 50-50,90.0,NBA,2023-10-14 23:30:00+00:00,5.0,20
152286917,94066,5.0,True,False,False,False,False,NBA $5 50-50,90.0,NBA,2023-10-14 23:30:00+00:00,5.0,20
152286918,94066,5.0,True,False,False,False,False,NBA $5 50-50,45.0,NBA,2023-10-14 23:30:00+00:00,5.0,10
152286919,94066,5.0,True,False,False,False,False,NBA $5 50-50,45.0,NBA,2023-10-14 23:30:00+00:00,5.0,10
152286920,94066,5.0,True,False,False,False,False,NBA $5 50-50,45.0,NBA,2023-10-14 23:30:00+00:00,5.0,10
152286921,94066,2.0,True,False,False,False,False,NBA $2 50-50,36.0,NBA,2023-10-14 23:30:00+00:00,2.0,20
152286922,94066,2.0,True,False,False,False,False,NBA $2 50-50,36.0,NBA,2023-10-14 23:30:00+00:00,2.0,20
152286923,94066,2.0,True,False,False,False,False,NBA $2 50-50,18.0,NBA,2023-10-14 23:30:00+00:00,2.0,10
152286924,94066,2.0,True,False,False,False,False,NBA $2 50-50,18.0,NBA,2023-10-14 23:30:00+00:00,2.0,10
152286925,94066,2.0,True,False,False,False,False,NBA $2 50-50,18.0,NBA,2023-10-14 23:30:00+00:00,2.0,10
152286926,94066,1.0,True,False,False,False,False,NBA $1 50-50,18.0,NBA,2023-10-14 23:30:00+00:00,1.0,20
152286927,94066,1.0,True,False,False,False,False,NBA $1 50-50,18.0,NBA,2023-10-14 23:30:00+00:00,1.0,20
152286928,94066,1.0,True,False,False,False,False,NBA $1 50-50,9.0,NBA,2023-10-14 23:30:00+00:00,1.0,10
152286929,94066,1.0,True,False,False,False,False,NBA $1 50-50,9.0,NBA,2023-10-14 23:30:00+00:00,1.0,10
152286930,94066,1.0,True,False,False,False,False,NBA $1 50-50,9.0,NBA,2023-10-14 23:30:00+00:00,1.0,10
152286931,94066,50.0,True,False,False,False,False,Beginner NBA $50 50-50,180.0,NBA,2023-10-14 23:30:00+00:00,50.0,4
152286932,94066,20.0,True,False,False,False,False,Beginner NBA $20 50-50,72.0,NBA,2023-10-14 23:30:00+00:00,20.0,4
152286933,94066,10.0,True,False,False,False,False,Beginner NBA $10 50-50,90.0,NBA,2023-10-14 23:30:00+00:00,10.0,10
152286934,94066,5.0,True,False,False,False,False,Beginner NBA $5 50-50,45.0,NBA,2023-10-14 23:30:00+00:00,5.0,10
152286935,94066,3.0,True,False,False,False,False,Beginner NBA $3 50-50,27.0,NBA,2023-10-14 23:30:00+00:00,3.0,10
152286936,94066,1.0,True,False,False,False,False,Beginner NBA $1 50-50,9.0,NBA,2023-10-14 23:30:00+00:00,1.0,10
152286937,94066,10.0,False,False,False,False,False,Beginner NBA $10 5-Player,45.0,NBA,2023-10-14 23:30:00+00:00,10.0,5
152286938,94066,5.0,False,False,False,False,False,Beginner NBA $5 5-Player,22.5,NBA,2023-10-14 23:30:00+00:00,5.0,5
152286939,94066,5.0,False,False,False,False,False,Beginner NBA $5 3-Player,13.5,NBA,2023-10-14 23:30:00+00:00,5.0,3
152286940,94066,2.0,False,False,False,False,False,Beginner NBA $2 5-Player,9.0,NBA,2023-10-14 23:30:00+00:00,2.0,5
152286941,94066,2.0,False,False,False,False,False,Beginner NBA $2 3-Player,5.4,NBA,2023-10-14 23:30:00+00:00,2.0,3
152286942,94066,1.0,False,False,False,False,False,Beginner NBA $1 5-Player,4.5,NBA,2023-10-14 23:30:00+00:00,1.0,5
152286943,94066,10600.0,False,False,False,False,False,"NBA $10,600 3-Player",30000.0,NBA,2023-10-14 23:30:00+00:00,10600.0,3
152286944,94066,5300.0,False,False,False,False,False,"NBA $5,300 3-Player",15000.0,NBA,2023-10-14 23:30:00+00:00,5300.0,3
152286945,94066,1060.0,False,False,False,False,False,"NBA $1,060 3-Player",3000.0,NBA,2023-10-14 23:30:00+00:00,1060.0,3
152286946,94066,530.0,False,False,False,False,False,NBA $530 3-Player,1500.0,NBA,2023-10-14 23:30:00+00:00,530.0,3
152286947,94066,162.0,False,False,False,False,False,NBA $162 3-Player,450.0,NBA,2023-10-14 23:30:00+00:00,162.0,3
152286948,94066,109.0,False,False,False,False,False,NBA $109 3-Player,300.0,NBA,2023-10-14 23:30:00+00:00,109.0,3
152286949,94066,109.0,False,False,False,False,False,NBA $109 3-Player,300.0,NBA,2023-10-14 23:30:00+00:00,109.0,3
152286950,94066,50.0,False,False,False,False,False,NBA $50 5-Player,225.0,NBA,2023-10-14 23:30:00+00:00,50.0,5
152286951,94066,50.0,False,False,False,False,False,NBA $50 3-Player,135.0,NBA,2023-10-14 23:30:00+00:00,50.0,3
152286952,94066,20.0,False,False,False,False,False,NBA $20 5-Player,90.0,NBA,2023-10-14 23:30:00+00:00,20.0,5
152286953,94066,20.0,False,False,False,False,False,NBA $20 5-Player,90.0,NBA,2023-10-14 23:30:00+00:00,20.0,5
152286954,94066,20.0,False,False,False,False,False,NBA $20 3-Player,54.0,NBA,2023-10-14 23:30:00+00:00,20.0,3
152286955,94066,20.0,False,False,False,False,False,NBA $20 3-Player,54.0,NBA,2023-10-14 23:30:00+00:00,20.0,3
152286956,94066,20.0,False,False,False,False,False,NBA $20 3-Player,54.0,NBA,2023-10-14 23:30:00+00:00,20.0,3
152286957,94066,10.0,False,False,False,False,False,NBA $10 10-Player,90.0,NBA,2023-10-14 23:30:00+00:00,10.0,10
152286958,94066,10.0,False,False,False,False,False,NBA $10 5-Player,45.0,NBA,2023-10-14 23:30:00+00:00,10.0,5
152286959,94066,10.0,False,False,False,False,False,NBA $10 5-Player,45.0,NBA,2023-10-14 23:30:00+00:00,10.0,5
152286960,94066,10.0,False,False,False,False,False,NBA $10 3-Player,27.0,NBA,2023-10-14 23:30:00+00:00,10.0,3
152286961,94066,10.0,False,False,False,False,False,NBA $10 3-Player,27.0,NBA,2023-10-14 23:30:00+00:00,10.0,3
152286962,94066,10.0,False,False,False,False,False,NBA $10 3-Player,27.0,NBA,2023-10-14 23:30:00+00:00,10.0,3
152286963,94066,5.0,False,False,False,False,False,NBA $5 10-Player,45.0,NBA,2023-10-14 23:30:00+00:00,5.0,10
152286964,94066,5.0,False,False,False,False,False,NBA $5 10-Player,45.0,NBA,2023-10-14 23:30:00+00:00,5.0,10
152286965,94066,5.0,False,False,False,False,False,NBA $5 5-Player,22.5,NBA,2023-10-14 23:30:00+00:00,5.0,5
152286966,94066,5.0,False,False,False,False,False,NBA $5 5-Player,22.5,NBA,2023-10-14 23:30:00+00:00,5.0,5
152286967,94066,5.0,False,False,False,False,False,NBA $5 5-Player,22.5,NBA,2023-10-14 23:30:00+00:00,5.0,5
152286968,94066,5.0,False,False,False,False,False,NBA $5 3-Player,13.5,NBA,2023-10-14 23:30:00+00:00,5.0,3
152286969,94066,5.0,False,False,False,False,False,NBA $5 3-Player,13.5,NBA,2023-10-14 23:30:00+00:00,5.0,3
152286970,94066,5.0,False,False,False,False,False,NBA $5 3-Player,13.5,NBA,2023-10-14 23:30:00+00:00,5.0,3
152286971,94066,2.0,False,False,False,False,False,NBA $2 20-Player,36.0,NBA,2023-10-14 23:30:00+00:00,2.0,20
152286972,94066,2.0,False,False,False,False,False,NBA $2 20-Player,36.0,NBA,2023-10-14 23:30:00+00:00,2.0,20
152286973,94066,2.0,False,False,False,False,False,NBA $2 10-Player,18.0,NBA,2023-10-14 23:30:00+00:00,2.0,10
152286974,94066,2.0,False,False,False,False,False,NBA $2 10-Player,18.0,NBA,2023-10-14 23:30:00+00:00,2.0,10
152286975,94066,2.0,False,False,False,False,False,NBA $2 10-Player,18.0,NBA,2023-10-14 23:30:00+00:00,2.0,10
152286976,94066,2.0,False,False,False,False,False,NBA $2 5-Player,9.0,NBA,2023-10-14 23:30:00+00:00,2.0,5
152286977,94066,2.0,False,False,False,False,False,NBA $2 5-Player,9.0,NBA,2023-10-14 23:30:00+00:00,2.0,5
152286978,94066,2.0,False,False,False,False,False,NBA $2 5-Player,9.0,NBA,2023-10-14 23:30:00+00:00,2.0,5
152286979,94066,2.0,False,False,False,False,False,NBA $2 3-Player,5.4,NBA,2023-10-14 23:30:00+00:00,2.0,3
152286980,94066,2.0,False,False,False,False,False,NBA $2 3-Player,5.4,NBA,2023-10-14 23:30:00+00:00,2.0,3
152286981,94066,2.0,False,False,False,False,False,NBA $2 3-Player,5.4,NBA,2023-10-14 23:30:00+00:00,2.0,3
152286982,94066,1.0,False,False,False,False,False,NBA $1 10-Player,9.0,NBA,2023-10-14 23:30:00+00:00,1.0,10
152286983,94066,1.0,False,False,False,False,False,NBA $1 5-Player,4.5,NBA,2023-10-14 23:30:00+00:00,1.0,5
152286984,94066,1.0,False,False,False,False,False,NBA $1 3-Player,2.7,NBA,2023-10-14 23:30:00+00:00,1.0,3
152286985,94066,1.0,False,False,False,False,False,NBA $1 3-Player,2.7,NBA,2023-10-14 23:30:00+00:00,1.0,3
152286986,94066,109.0,True,False,False,False,False,NBA $109 50-50,600.0,NBA,2023-10-14 23:30:00+00:00,109.0,6
152286987,94066,10600.0,False,False,False,False,False,"NBA $10,600 4-Player (Winner Takes All)",40000.0,NBA,2023-10-14 23:30:00+00:00,10600.0,4
152286988,94066,10600.0,False,False,False,False,False,"NBA $10,600 4-Player (Winner Takes All)",40000.0,NBA,2023-10-14 23:30:00+00:00,10600.0,4
152286989,94066,10600.0,False,False,False,False,False,"NBA $10,600 4-Player (Winner Takes All)",40000.0,NBA,2023-10-14 23:30:00+00:00,10600.0,4
152286990,94066,50.0,True,False,False,False,False,Casual NBA $50 50-50,180.0,NBA,2023-10-14 23:30:00+00:00,50.0,4
152286991,94066,20.0,True,False,False,False,False,Casual NBA $20 50-50,72.0,NBA,2023-10-14 23:30:00+00:00,20.0,4
152286992,94066,10.0,True,False,False,False,False,Casual NBA $10 50-50,90.0,NBA,2023-10-14 23:30:00+00:00,10.0,10
152286993,94066,5.0,True,False,False,False,False,Casual NBA $5 50-50,45.0,NBA,2023-10-14 23:30:00+00:00,5.0,10
152286994,94066,3.0,True,False,False,False,False,Casual NBA $3 50-50,27.0,NBA,2023-10-14 23:30:00+00:00,3.0,10
152286995,94066,3.0,True,False,False,False,False,Casual NBA $3 50-50,10.8,NBA,2023-10-14 23:30:00+00:00,3.0,4
152286996,94066,1.0,True,False,False,False,False,Casual NBA $1 50-50,9.0,NBA,2023-10-14 23:30:00+00:00,1.0,10
152286997,94066,50.0,False,False,False,False,False,Casual NBA $50 3-Player,135.0,NBA,2023-10-14 23:30:00+00:00,50.0,3
152286998,94066,20.0,False,False,False,False,False,Casual NBA $20 3-Player,54.0,NBA,2023-10-14 23:30:00+00:00,20.0,3
152286999,94066,10.0,False,False,False,False,False,Casual NBA $10 5-Player,45.0,NBA,2023-10-14 23:30:00+00:00,10.0,5
152287000,94066,10.0,False,False,False,False,False,Casual NBA $10 3-Player,27.0,NBA,2023-10-14 23:30:00+00:00,10.0,3
152287001,94066,2.0,False,False,False,False,False,Casual NBA $2 5-Player,9.0,NBA,2023-10-14 23:30:00+00:00,2.0,5
152287002,94066,2.0,False,False,False,False,False,Casual NBA $2 3-Player,5.4,NBA,2023-10-14 23:30:00+00:00,2.0,3
152287003,94066,109.0,False,False,False,False,False,Casual NBA $109 5-Player,500.0,NBA,2023-10-14 23:30:00+00:00,109.0,5
152287004,94066,10.0,True,False,False,False,False,NBA $10 Double Up,100.0,NBA,2023-10-14 23:30:00+00:00,10.0,11
152287005,94066,25.0,True,False,False,False,False,NBA $25 Double Up,250.0,NBA,2023-10-14 23:30:00+00:00,25.0,11
152287006,94066,50.0,True,False,False,False,False,NBA $50 Double Up,500.0,NBA,2023-10-14 23:30:00+00:00,50.0,11
152287007,94066,5.0,True,False,False,False,False,NBA $5 Double Up,50.0,NBA,2023-10-14 23:30:00+00:00,5.0,11
152287008,94066,3.0,True,False,False,False,False,NBA $3 Double Up,30.0,NBA,2023-10-14 23:30:00+00:00,3.0,11
152287009,94066,1.0,True,False,False,False,False,NBA $1 Double Up,10.0,NBA,2023-10-14 23:30:00+00:00,1.0,11
152287010,94066,25.0,True,False,False,False,False,NBA $25 Double Up,500.0,NBA,2023-10-14 23:30:00+00:00,25.0,22
152287011,94066,50.0,True,False,False,False,False,NBA $50 Double Up,1000.0,NBA,2023-10-14 23:30:00+00:00,50.0,22
152287012,94066,267.0,False,False,False,False,True,NBA $267 Winner Take All [$1K to 1st] (Must Fill),1000.0,NBA,2023-10-14 23:30:00+00:00,267.0,4
152287013,94066,408.0,False,False,False,False,True,"NBA $408 Winner Take All [$1.5K to 1st, Must Fill]",1500.0,NBA,2023-10-14 23:30:00+00:00,408.0,4
152287014,94066,6.0,False,False,False,False,True,"Reignmakers UFC 2023 Booster Pack Special [Must Fill, 2x to 1st]",19.98,NBA,2023-10-14 23:30:00+00:00,5.55,4
152287015,94066,6.0,False,False,False,False,True,"Reignmakers UFC 2023 Booster Pack Special [Must Fill, 2x to 1st]",19.98,NBA,2023-10-14 23:30:00+00:00,5.55,4
152287016,94066,6.0,False,False,False,False,True,"Reignmakers UFC 2023 Booster Pack Special [Must Fill, 2x to 1st]",19.98,NBA,2023-10-14 23:30:00+00:00,5.55,4
152287017,94066,8.0,False,False,False,False,True,NBA Satellite to 2024 NAS America's Race [Must Fill],36.0,NBA,2023-10-14 23:30:00+00:00,8.0,5
152287018,94068,20.0,False,False,False,False,False,Beginner NBA Showdown $20 3-Player (POR vs UTA),54.0,NBA,2023-10-15 01:00:00+00:00,20.0,3
152287019,94068,50.0,False,False,False,False,False,Beginner NBA Showdown $50 3-Player (POR vs UTA),135.0,NBA,2023-10-15 01:00:00+00:00,50.0,3
152287020,94068,10.0,False,False,False,False,False,Beginner NBA Showdown $10 3-Player (POR vs UTA),27.0,NBA,2023-10-15 01:00:00+00:00,10.0,3
152287021,94068,5.0,False,False,False,False,False,Beginner NBA Showdown $5 3-Player (POR vs UTA),13.5,NBA,2023-10-15 01:00:00+00:00,5.0,3
152287022,94068,1.0,False,False,False,False,False,Beginner NBA Showdown $1 3-Player (POR vs UTA),2.7,NBA,2023-10-15 01:00:00+00:00,1.0,3
152287023,94068,5300.0,True,False,False,False,False,"NBA Showdown $5,300 50-50 (POR vs UTA)",20000.0,NBA,2023-10-15 01:00:00+00:00,5300.0,4
152287024,94068,1060.0,True,False,False,False,False,"NBA Showdown $1,060 50-50 (POR vs UTA)",4000.0,NBA,2023-10-15 01:00:00+00:00,1060.0,4
152287025,94068,530.0,True,False,False,False,False,NBA Showdown $530 50-50 (POR vs UTA),2000.0,NBA,2023-10-15 01:00:00+00:00,530.0,4
152287026,94068,162.0,True,False,False,False,False,NBA Showdown $162 50-50 (POR vs UTA),600.0,NBA,2023-10-15 01:00:00+00:00,162.0,4
152287027,94068,109.0,True,False,False,False,False,NBA Showdown $109 50-50 (POR vs UTA),400.0,NBA,2023-10-15 01:00:00+00:00,109.0,4
152287028,94068,50.0,True,False,False,False,False,NBA Showdown $50 50-50 (POR vs UTA),180.0,NBA,2023-10-15 01:00:00+00:00,50.0,4
152287030,94068,20.0,True,False,False,False,False,NBA Showdown $20 50-50 (POR vs UTA),360.0,NBA,2023-10-15 01:00:00+00:00,20.0,20
152287031,94068,20.0,True,False,False,False,False,NBA Showdown $20 50-50 (POR vs UTA),180.0,NBA,2023-10-15 01:00:00+00:00,20.0,10
152287032,94068,20.0,True,False,False,False,False,NBA Showdown $20 50-50 (POR vs UTA),72.0,NBA,2023-10-15 01:00:00+00:00,20.0,4
152287033,94068,20.0,True,False,False,False,False,NBA Showdown $20 50-50 (POR vs UTA),72.0,NBA,2023-10-15 01:00:00+00:00,20.0,4
152287034,94068,10.0,True,False,False,False,False,NBA Showdown $10 50-50 (POR vs UTA),180.0,NBA,2023-10-15 01:00:00+00:00,10.0,20
152287035,94068,10.0,True,False,False,False,False,NBA Showdown $10 50-50 (POR vs UTA),90.0,NBA,2023-10-15 01:00:00+00:00,10.0,10
152287036,94068,10.0,True,False,False,False,False,NBA Showdown $10 50-50 (POR vs UTA),90.0,NBA,2023-10-15 01:00:00+00:00,10.0,10
152287037,94068,10.0,True,False,False,False,False,NBA Showdown $10 50-50 (POR vs UTA),36.0,NBA,2023-10-15 01:00:00+00:00,10.0,4
152287038,94068,10.0,True,False,False,False,False,NBA Showdown $10 50-50 (POR vs UTA),36.0,NBA,2023-10-15 01:00:00+00:00,10.0,4
152287039,94068,10.0,True,False,False,False,False,NBA Showdown $10 50-50 (POR vs UTA),36.0,NBA,2023-10-15 01:00:00+00:00,10.0,4
152287040,94068,5.0,True,False,False,False,False,NBA Showdown $5 50-50 (POR vs UTA),90.0,NBA,2023-10-15 01:00:00+00:00,5.0,20
152287041,94068,5.0,True,False,False,False,False,NBA Showdown $5 50-50 (POR vs UTA),90.0,NBA,2023-10-15 01:00:00+00:00,5.0,20
152287042,94068,5.0,True,False,False,False,False,NBA Showdown $5 50-50 (POR vs UTA),45.0,NBA,2023-10-15 01:00:00+00:00,5.0,10
152287043,94068,5.0,True,False,False,False,False,NBA Showdown $5 50-50 (POR vs UTA),45.0,NBA,2023-10-15 01:00:00+00:00,5.0,10
152287044,94068,5.0,True,False,False,False,False,NBA Showdown $5 50-50 (POR vs UTA),45.0,NBA,2023-10-15 01:00:00+00:00,5.0,10
152287045,94068,2.0,True,False,False,False,False,NBA Showdown $2 50-50 (POR vs UTA),36.0,NBA,2023-10-15 01:00:00+00:00,2.0,20
152287046,94068,2.0,True,False,False,False,False,NBA Showdown $2 50-50 (POR vs UTA),36.0,NBA,2023-10-15 01:00:00+00:00,2.0,20
152287047,94068,2.0,True,False,False,False,False,NBA Showdown $2 50-50 (POR vs UTA),18.0,NBA,2023-10-15 01:00:00+00:00,2.0,10
152287048,94068,2.0,True,False,False,False,False,NBA Showdown $2 50-50 (POR vs UTA),18.0,NBA,2023-10-15 01:00:00+00:00,2.0,10
152287049,94068,2.0,True,False,False,False,False,NBA Showdown $2 50-50 (POR vs UTA),18.0,NBA,2023-10-15 01:00:00+00:00,2.0,10
152287050,94068,1.0,True,False,False,False,False,NBA Showdown $1 50-50 (POR vs UTA),18.0,NBA,2023-10-15 01:00:00+00:00,1.0,20
152287051,94068,1.0,True,False,False,False,False,NBA Showdown $1 50-50 (POR vs UTA),18.0,NBA,2023-10-15 01:00:00+00:00,1.0,20
152287052,94068,1.0,True,False,False,False,False,NBA Showdown $1 50-50 (POR vs UTA),9.0,NBA,2023-10-15 01:00:00+00:00,1.0,10
152287053,94068,1.0,True,False,False,False,False,NBA Showdown $1 50-50 (POR vs UTA),9.0,NBA,2023-10-15 01:00:00+00:00,1.0,10
152287054,94068,1.0,True,False,False,False,False,NBA Showdown $1 50-50 (POR vs UTA),9.0,NBA,2023-10-15 01:00:00+00:00,1.0,10
152287055,94068,50.0,True,False,False,False,False,Beginner NBA Showdown $50 50-50 (POR vs UTA),180.0,NBA,2023-10-15 01:00:00+00:00,50.0,4
152287056,94068,20.0,True,False,False,False,False,Beginner NBA Showdown $20 50-50 (POR vs UTA),72.0,NBA,2023-10-15 01:00:00+00:00,20.0,4
152287057,94068,10.0,True,False,False,False,False,Beginner NBA Showdown $10 50-50 (POR vs UTA),90.0,NBA,2023-10-15 01:00:00+00:00,10.0,10
152287058,94068,5.0,True,False,False,False,False,Beginner NBA Showdown $5 50-50 (POR vs UTA),45.0,NBA,2023-10-15 01:00:00+00:00,5.0,10
152287059,94068,3.0,True,False,False,False,False,Beginner NBA Showdown $3 50-50 (POR vs UTA),27.0,NBA,2023-10-15 01:00:00+00:00,3.0,10
152287060,94068,1.0,True,False,False,False,False,Beginner NBA Showdown $1 50-50 (POR vs UTA),9.0,NBA,2023-10-15 01:00:00+00:00,1.0,10
152287061,94068,10.0,False,False,False,False,False,Beginner NBA Showdown $10 5-Player (POR vs UTA),45.0,NBA,2023-10-15 01:00:00+00:00,10.0,5
152287062,94068,5.0,False,False,False,False,False,Beginner NBA Showdown $5 5-Player (POR vs UTA),22.5,NBA,2023-10-15 01:00:00+00:00,5.0,5
152287063,94068,5.0,False,False,False,False,False,Beginner NBA Showdown $5 3-Player (POR vs UTA),13.5,NBA,2023-10-15 01:00:00+00:00,5.0,3
152287064,94068,2.0,False,False,False,False,False,Beginner NBA Showdown $2 5-Player (POR vs UTA),9.0,NBA,2023-10-15 01:00:00+00:00,2.0,5
152287065,94068,2.0,False,False,False,False,False,Beginner NBA Showdown $2 3-Player (POR vs UTA),5.4,NBA,2023-10-15 01:00:00+00:00,2.0,3
152287066,94068,1.0,False,False,False,False,False,Beginner NBA Showdown $1 5-Player (POR vs UTA),4.5,NBA,2023-10-15 01:00:00+00:00,1.0,5
152287067,94068,10600.0,False,False,False,False,False,"NBA Showdown $10,600 3-Player (POR vs UTA)",30000.0,NBA,2023-10-15 01:00:00+00:00,10600.0,3
152287068,94068,5300.0,False,False,False,False,False,"NBA Showdown $5,300 3-Player (POR vs UTA)",15000.0,NBA,2023-10-15 01:00:00+00:00,5300.0,3
152287069,94068,1060.0,False,False,False,False,False,"NBA Showdown $1,060 3-Player (POR vs UTA)",3000.0,NBA,2023-10-15 01:00:00+00:00,1060.0,3
152287070,94068,530.0,False,False,False,False,False,NBA Showdown $530 3-Player (POR vs UTA),1500.0,NBA,2023-10-15 01:00:00+00:00,530.0,3
152287071,94068,162.0,False,False,False,False,False,NBA Showdown $162 3-Player (POR vs UTA),450.0,NBA,2023-10-15 01:00:00+00:00,162.0,3
152287072,94068,109.0,False,False,False,False,False,NBA Showdown $109 3-Player (POR vs UTA),300.0,NBA,2023-10-15 01:00:00+00:00,109.0,3
152287073,94068,109.0,False,False,False,False,False,NBA Showdown $109 3-Player (POR vs UTA),300.0,NBA,2023-10-15 01:00:00+00:00,109.0,3
152287074,94068,50.0,False,False,False,False,False,NBA Showdown $50 5-Player (POR vs UTA),225.0,NBA,2023-10-15 01:00:00+00:00,50.0,5
152287075,94068,50.0,False,False,False,False,False,NBA Showdown $50 3-Player (POR vs UTA),135.0,NBA,2023-10-15 01:00:00+00:00,50.0,3
152287076,94068,20.0,False,False,False,False,False,NBA Showdown $20 5-Player (POR vs UTA),90.0,NBA,2023-10-15 01:00:00+00:00,20.0,5
152287077,94068,20.0,False,False,False,False,False,NBA Showdown $20 5-Player (POR vs UTA),90.0,NBA,2023-10-15 01:00:00+00:00,20.0,5
152287078,94068,20.0,False,False,False,False,False,NBA Showdown $20 3-Player (POR vs UTA),54.0,NBA,2023-10-15 01:00:00+00:00,20.0,3
152287079,94068,20.0,False,False,False,False,False,NBA Showdown $20 3-Player (POR vs UTA),54.0,NBA,2023-10-15 01:00:00+00:00,20.0,3
152287080,94068,20.0,False,False,False,False,False,NBA Showdown $20 3-Player (POR vs UTA),54.0,NBA,2023-10-15 01:00:00+00:00,20.0,3
152287081,94068,10.0,False,False,False,False,False,NBA Showdown $10 10-Player (POR vs UTA),90.0,NBA,2023-10-15 01:00:00+00:00,10.0,10
152287082,94068,10.0,False,False,False,False,False,NBA Showdown $10 5-Player (POR vs UTA),45.0,NBA,2023-10-15 01:00:00+00:00,10.0,5
152287083,94068,10.0,False,False,False,False,False,NBA Showdown $10 5-Player (POR vs UTA),45.0,NBA,2023-10-15 01:00:00+00:00,10.0,5
152287084,94068,10.0,False,False,False,False,False,NBA Showdown $10 3-Player (POR vs UTA),27.0,NBA,2023-10-15 01:00:00+00:00,10.0,3
152287085,94068,10.0,False,False,False,False,False,NBA Showdown $10 3-Player (POR vs UTA),27.0,NBA,2023-10-15 01:00:00+00:00,10.0,3
152287086,94068,10.0,False,False,False,False,False,NBA Showdown $10 3-Player (POR vs UTA),27.0,NBA,2023-10-15 01:00:00+00:00,10.0,3
152287087,94068,5.0,False,False,False,False,False,NBA Showdown $5 10-Player (POR vs UTA),45.0,NBA,2023-10-15 01:00:00+00:00,5.0,10
152287088,94068,5.0,False,False,False,False,False,NBA Showdown $5 10-Player (POR vs UTA),45.0,NBA,2023-10-15 01:00:00+00:00,5.0,10
152287089,94068,5.0,False,False,False,False,False,NBA Showdown $5 5-Player (POR vs UTA),22.5,NBA,2023-10-15 01:00:00+00:00,5.0,5
152287090,94068,5.0,False,False,False,False,False,NBA Showdown $5 5-Player (POR vs UTA),22.5,NBA,2023-10-15 01:00:00+00:00,5.0,5
152287091,94068,5.0,False,False,False,False,False,NBA Showdown $5 5-Player (POR vs UTA),22.5,NBA,2023-10-15 01:00:00+00:00,5.0,5
152287092,94068,5.0,False,False,False,False,False,NBA Showdown $5 3-Player (POR vs UTA),13.5,NBA,2023-10-15 01:00:00+00:00,5.0,3
152287093,94068,5.0,False,False,False,False,False,NBA Showdown $5 3-Player (POR vs UTA),13.5,NBA,2023-10-15 01:00:00+00:00,5.0,3
152287094,94068,5.0,False,False,False,False,False,NBA Showdown $5 3-Player (POR vs UTA),13.5,NBA,2023-10-15 01:00:00+00:00,5.0,3
152287095,94068,2.0,False,False,False,False,False,NBA Showdown $2 20-Player (POR vs UTA),36.0,NBA,2023-10-15 01:00:00+00:00,2.0,20
152287096,94068,2.0,False,False,False,False,False,NBA Showdown $2 20-Player (POR vs UTA),36.0,NBA,2023-10-15 01:00:00+00:00,2.0,20
152287097,94068,2.0,False,False,False,False,False,NBA Showdown $2 10-Player (POR vs UTA),18.0,NBA,2023-10-15 01:00:00+00:00,2.0,10
152287098,94068,2.0,False,False,False,False,False,NBA Showdown $2 10-Player (POR vs UTA),18.0,NBA,2023-10-15 01:00:00+00:00,2.0,10
152287099,94068,2.0,False,False,False,False,False,NBA Showdown $2 10-Player (POR vs UTA),18.0,NBA,2023-10-15 01:00:00+00:00,2.0,10
152287100,94068,2.0,False,False,False,False,False,NBA Showdown $2 5-Player (POR vs UTA),9.0,NBA,2023-10-15 01:00:00+00:00,2.0,5
152287101,94068,2.0,False,False,False,False,False,NBA Showdown $2 5-Player (POR vs UTA),9.0,NBA,2023-10-15 01:00:00+00:00,2.0,5
152287102,94068,2.0,False,False,False,False,False,NBA Showdown $2 5-Player (POR vs UTA),9.0,NBA,2023-10-15 01:00:00+00:00,2.0,5
152287103,94068,2.0,False,False,False,False,False,NBA Showdown $2 3-Player (POR vs UTA),5.4,NBA,2023-10-15 01:00:00+00:00,2.0,3
152287104,94068,2.0,False,False,False,False,False,NBA Showdown $2 3-Player (POR vs UTA),5.4,NBA,2023-10-15 01:00:00+00:00,2.0,3
152287105,94068,2.0,False,False,False,False,False,NBA Showdown $2 3-Player (POR vs UTA),5.4,NBA,2023-10-15 01:00:00+00:00,2.0,3
152287106,94068,1.0,False,False,False,False,False,NBA Showdown $1 10-Player (POR vs UTA),9.0,NBA,2023-10-15 01:00:00+00:00,1.0,10
152287107,94068,1.0,False,False,False,False,False,NBA Showdown $1 5-Player (POR vs UTA),4.5,NBA,2023-10-15 01:00:00+00:00,1.0,5
152287108,94068,1.0,False,False,False,False,False,NBA Showdown $1 3-Player (POR vs UTA),2.7,NBA,2023-10-15 01:00:00+00:00,1.0,3
152287109,94068,1.0,False,False,False,False,False,NBA Showdown $1 3-Player (POR vs UTA),2.7,NBA,2023-10-15 01:00:00+00:00,1.0,3
152287110,94068,109.0,True,False,False,False,False,NBA Showdown $109 50-50 (POR vs UTA),600.0,NBA,2023-10-15 01:00:00+00:00,109.0,6
152287111,94068,10600.0,False,False,False,False,False,"NBA Showdown $10,600 4-Player (Winner Takes All) (POR vs UTA)",40000.0,NBA,2023-10-15 01:00:00+00:00,10600.0,4
152287112,94068,10600.0,False,False,False,False,False,"NBA Showdown $10,600 4-Player (Winner Takes All) (POR vs UTA)",40000.0,NBA,2023-10-15 01:00:00+00:00,10600.0,4
152287113,94068,10600.0,False,False,False,False,False,"NBA Showdown $10,600 4-Player (Winner Takes All) (POR vs UTA)",40000.0,NBA,2023-10-15 01:00:00+00:00,10600.0,4
152287114,94068,50.0,True,False,False,False,False,Casual NBA Showdown $50 50-50 (POR vs UTA),180.0,NBA,2023-10-15 01:00:00+00:00,50.0,4
152287115,94068,20.0,True,False,False,False,False,Casual NBA Showdown $20 50-50 (POR vs UTA),72.0,NBA,2023-10-15 01:00:00+00:00,20.0,4
152287116,94068,10.0,True,False,False,False,False,Casual NBA Showdown $10 50-50 (POR vs UTA),90.0,NBA,2023-10-15 01:00:00+00:00,10.0,10
152287117,94068,5.0,True,False,False,False,False,Casual NBA Showdown $5 50-50 (POR vs UTA),45.0,NBA,2023-10-15 01:00:00+00:00,5.0,10
152287118,94068,3.0,True,False,False,False,False,Casual NBA Showdown $3 50-50 (POR vs UTA),27.0,NBA,2023-10-15 01:00:00+00:00,3.0,10
152287119,94068,3.0,True,False,False,False,False,Casual NBA Showdown $3 50-50 (POR vs UTA),10.8,NBA,2023-10-15 01:00:00+00:00,3.0,4
152287120,94068,1.0,True,False,False,False,False,Casual NBA Showdown $1 50-50 (POR vs UTA),9.0,NBA,2023-10-15 01:00:00+00:00,1.0,10
152287121,94068,50.0,False,False,False,False,False,Casual NBA Showdown $50 3-Player (POR vs UTA),135.0,NBA,2023-10-15 01:00:00+00:00,50.0,3
152287122,94068,20.0,False,False,False,False,False,Casual NBA Showdown $20 3-Player (POR vs UTA),54.0,NBA,2023-10-15 01:00:00+00:00,20.0,3
152287123,94068,10.0,False,False,False,False,False,Casual NBA Showdown $10 5-Player (POR vs UTA),45.0,NBA,2023-10-15 01:00:00+00:00,10.0,5
152287124,94068,10.0,False,False,False,False,False,Casual NBA Showdown $10 3-Player (POR vs UTA),27.0,NBA,2023-10-15 01:00:00+00:00,10.0,3
152287125,94068,2.0,False,False,False,False,False,Casual NBA Showdown $2 5-Player (POR vs UTA),9.0,NBA,2023-10-15 01:00:00+00:00,2.0,5
152287126,94068,2.0,False,False,False,False,False,Casual NBA Showdown $2 3-Player (POR vs UTA),5.4,NBA,2023-10-15 01:00:00+00:00,2.0,3
152287127,94068,109.0,False,False,False,False,False,Casual NBA Showdown $109 5-Player (POR vs UTA),500.0,NBA,2023-10-15 01:00:00+00:00,109.0,5
152287128,94068,10.0,True,False,False,False,False,NBA Showdown $10 Double Up (POR vs UTA),100.0,NBA,2023-10-15 01:00:00+00:00,10.0,11
152287129,94068,25.0,True,False,False,False,False,NBA Showdown $25 Double Up (POR vs UTA),250.0,NBA,2023-10-15 01:00:00+00:00,25.0,11
152287130,94068,50.0,True,False,False,False,False,NBA Showdown $50 Double Up (POR vs UTA),500.0,NBA,2023-10-15 01:00:00+00:00,50.0,11
152287131,94068,5.0,True,False,False,False,False,NBA Showdown $5 Double Up (POR vs UTA),50.0,NBA,2023-10-15 01:00:00+00:00,5.0,11
152287132,94068,3.0,True,False,False,False,False,NBA Showdown $3 Double Up (POR vs UTA),30.0,NBA,2023-10-15 01:00:00+00:00,3.0,11
152287133,94068,1.0,True,False,False,False,False,NBA Showdown $1 Double Up (POR vs UTA),10.0,NBA,2023-10-15 01:00:00+00:00,1.0,11
152287134,94068,25.0,True,False,False,False,False,NBA Showdown $25 Double Up (POR vs UTA),500.0,NBA,2023-10-15 01:00:00+00:00,25.0,22
152287135,94068,50.0,True,False,False,False,False,NBA Showdown $50 Double Up (POR vs UTA),1000.0,NBA,2023-10-15 01:00:00+00:00,50.0,22
152287136,94068,1060.0,False,False,False,False,True,NBA Showdown $4K All Star [Single Entry] (Must Fill) (POR vs UTA),4000.0,NBA,2023-10-15 01:00:00+00:00,1060.0,4
152287137,94068,267.0,False,False,False,False,True,NBA Showdown $267 Winner Take All [$1K to 1st] (Must Fill) (POR vs UTA),1000.0,NBA,2023-10-15 01:00:00+00:00,267.0,4
152287138,94068,408.0,False,False,False,False,True,"NBA Showdown $408 Winner Take All [$1.5K to 1st, Must Fill] (POR vs UTA)",1500.0,NBA,2023-10-15 01:00:00+00:00,408.0,4
152287139,94068,6.0,False,False,False,False,True,"Reignmakers UFC 2023 Booster Pack Special [Must Fill, 2x to 1st] (POR vs UTA)",19.98,NBA,2023-10-15 01:00:00+00:00,5.55,4
152287140,94068,6.0,False,False,False,False,True,"Reignmakers UFC 2023 Booster Pack Special [Must Fill, 2x to 1st] (POR vs UTA)",19.98,NBA,2023-10-15 01:00:00+00:00,5.55,4
152287141,94068,6.0,False,False,False,False,True,"Reignmakers UFC 2023 Booster Pack Special [Must Fill, 2x to 1st] (POR vs UTA)",19.98,NBA,2023-10-15 01:00:00+00:00,5.55,4
152287142,94068,8.0,False,False,False,False,True,NBA Showdown Satellite to 2024 NAS America's Race [Must Fill] (POR vs UTA),36.0,NBA,2023-10-15 01:00:00+00:00,8.0,5
152287146,94064,5.0,True,False,True,False,False,NBA Showdown $5 Double Up (NOP vs ATL),100.0,NBA,2023-10-14 19:30:00+00:00,5.0,23
152287147,94064,10.0,True,False,True,False,False,NBA Showdown $10 Double Up (NOP vs ATL),200.0,NBA,2023-10-14 19:30:00+00:00,10.0,23
152287148,94064,25.0,False,False,True,False,True,NBA Showdown $25 Winner Take All [$110 to 1st] (NOP vs ATL),110.0,NBA,2023-10-14 19:30:00+00:00,25.0,5
152287149,94064,1.0,True,False,True,False,False,NBA Showdown $1 Double Up (NOP vs ATL),20.0,NBA,2023-10-14 19:30:00+00:00,1.0,23
152287150,94064,3.0,True,False,True,False,False,NBA Showdown $3 Double Up (NOP vs ATL),60.0,NBA,2023-10-14 19:30:00+00:00,3.0,23
152287151,94064,1.0,False,False,True,False,True,NBA Showdown Satellite to NBA $1M Opening Tip Off (NOP vs ATL),10.0,NBA,2023-10-14 19:30:00+00:00,1.0,11
152287152,94064,1.0,False,False,True,False,True,NBA Showdown Satellite to NBA $1M Opening Tip Off (NOP vs ATL),10.0,NBA,2023-10-14 19:30:00+00:00,1.0,11
152287153,94064,0.0,False,False,True,False,True,NBA Showdown Satellite to NBA $1M Opening Tip Off (NOP vs ATL),10.0,NBA,2023-10-14 19:30:00+00:00,0.1,118
152287154,94064,0.0,False,False,True,False,True,NBA Showdown Satellite to NBA $1M Opening Tip Off (NOP vs ATL),10.0,NBA,2023-10-14 19:30:00+00:00,0.1,118
152287155,94068,5.0,True,False,True,False,False,NBA Showdown $5 Double Up (POR vs UTA),100.0,NBA,2023-10-15 01:00:00+00:00,5.0,23
152287156,94068,10.0,True,False,True,False,False,NBA Showdown $10 Double Up (POR vs UTA),200.0,NBA,2023-10-15 01:00:00+00:00,10.0,23
152287157,94068,25.0,False,False,True,False,True,NBA Showdown $25 Winner Take All [$110 to 1st] (POR vs UTA),110.0,NBA,2023-10-15 01:00:00+00:00,25.0,5
152287158,94068,1.0,True,False,True,False,False,NBA Showdown $1 Double Up (POR vs UTA),20.0,NBA,2023-10-15 01:00:00+00:00,1.0,23
152287159,94068,3.0,True,False,True,False,False,NBA Showdown $3 Double Up (POR vs UTA),60.0,NBA,2023-10-15 01:00:00+00:00,3.0,23
152287160,94068,1.0,False,False,True,False,True,NBA Showdown Satellite to NBA $1M Opening Tip Off (POR vs UTA),10.0,NBA,2023-10-15 01:00:00+00:00,1.0,11
152287161,94068,1.0,False,False,True,False,True,NBA Showdown Satellite to NBA $1M Opening Tip Off (POR vs UTA),10.0,NBA,2023-10-15 01:00:00+00:00,1.0,11
152287162,94068,0.0,False,False,True,False,True,NBA Showdown Satellite to NBA $1M Opening Tip Off (POR vs UTA),10.0,NBA,2023-10-15 01:00:00+00:00,0.1,118
152287163,94068,0.0,False,False,True,False,True,NBA Showdown Satellite to NBA $1M Opening Tip Off (POR vs UTA),10.0,NBA,2023-10-15 01:00:00+00:00,0.1,118
152287167,94066,50.0,True,False,True,False,False,NBA $50 Double Up,500.0,NBA,2023-10-14 23:30:00+00:00,50.0,11
152287168,94066,25.0,True,False,True,False,False,NBA $25 Double Up,250.0,NBA,2023-10-14 23:30:00+00:00,25.0,11
152287169,94066,1.0,True,False,True,False,False,NBA $1 Double Up,20.0,NBA,2023-10-14 23:30:00+00:00,1.0,23
152287170,94066,3.0,True,False,True,False,False,NBA $3 Double Up,60.0,NBA,2023-10-14 23:30:00+00:00,3.0,23
152287171,94066,5.0,True,False,True,False,False,NBA $5 Double Up,100.0,NBA,2023-10-14 23:30:00+00:00,5.0,23
152287172,94066,10.0,True,False,True,False,False,NBA $10 Double Up,100.0,NBA,2023-10-14 23:30:00+00:00,10.0,11
152287173,94066,1.0,False,False,True,False,False,NBA $1 Triple Up [Top 9 Win $3],27.0,NBA,2023-10-14 23:30:00+00:00,1.0,31
152287174,94066,1.0,True,False,True,False,False,NBA $1 Double Up,20.0,NBA,2023-10-14 23:30:00+00:00,1.0,23
152287175,94066,3.0,True,False,True,False,False,NBA $3 Double Up,60.0,NBA,2023-10-14 23:30:00+00:00,3.0,23
152287176,94066,5.0,True,False,True,False,False,NBA $5 Double Up,100.0,NBA,2023-10-14 23:30:00+00:00,5.0,23
152287177,94066,10.0,True,False,True,False,False,NBA $10 Double Up,100.0,NBA,2023-10-14 23:30:00+00:00,10.0,11
152287178,94066,85.0,False,False,True,False,True,NBA $85 Winner Take All [$300 to 1st],300.0,NBA,2023-10-14 23:30:00+00:00,85.0,4
152287179,94066,0.0,False,False,True,False,True,NBA SUPERSat to NBA $1M Opening Tip Off [2x],20.0,NBA,2023-10-14 23:30:00+00:00,0.25,95
152287181,94066,0.0,False,False,True,False,True,NBA Satellite to NBA $1M Opening Tip Off,10.0,NBA,2023-10-14 23:30:00+00:00,0.1,118
152287182,94066,1.0,False,False,True,False,True,NBA Satellite to NBA Best Ball $300K Shootaround,10.0,NBA,2023-10-14 23:30:00+00:00,1.0,11
152287193,94065,1.0,False,False,False,False,False,NBA Snake Showdown $1 3-Player (NOP vs ATL),2.7,NBA,2023-10-14 19:30:00+00:00,1.0,3
152287194,94065,1.0,False,False,False,False,False,NBA Snake Showdown $1 3-Player (NOP vs ATL),2.7,NBA,2023-10-14 19:30:00+00:00,1.0,3
152287195,94065,1.0,False,False,False,False,False,NBA Snake Showdown $1 3-Player (NOP vs ATL),2.7,NBA,2023-10-14 19:30:00+00:00,1.0,3
152287196,94065,5.0,False,False,False,False,False,NBA Snake Showdown $5 3-Player (NOP vs ATL),13.5,NBA,2023-10-14 19:30:00+00:00,5.0,3
152287197,94065,5.0,False,False,False,False,False,NBA Snake Showdown $5 3-Player (NOP vs ATL),13.5,NBA,2023-10-14 19:30:00+00:00,5.0,3
152287198,94065,10.0,False,False,False,False,False,NBA Snake Showdown $10 3-Player (NOP vs ATL),27.0,NBA,2023-10-14 19:30:00+00:00,10.0,3
152287199,94065,10.0,False,False,False,False,False,NBA Snake Showdown $10 3-Player (NOP vs ATL),27.0,NBA,2023-10-14 19:30:00+00:00,10.0,3
152287200,94065,10.0,False,False,False,False,False,NBA Snake Showdown $10 3-Player (NOP vs ATL),27.0,NBA,2023-10-14 19:30:00+00:00,10.0,3
152287201,94065,20.0,False,False,False,False,False,NBA Snake Showdown $20 3-Player (NOP vs ATL),54.0,NBA,2023-10-14 19:30:00+00:00,20.0,3
152287202,94065,109.0,False,False,False,False,False,NBA Snake Showdown $109 3-Player (NOP vs ATL),300.0,NBA,2023-10-14 19:30:00+00:00,109.0,3
152287203,94065,530.0,False,False,False,False,False,NBA Snake Showdown $530 3-Player (NOP vs ATL),1500.0,NBA,2023-10-14 19:30:00+00:00,530.0,3
152287204,94065,1.0,False,False,False,False,False,NBA Snake Showdown $1 4-Player (NOP vs ATL),3.6,NBA,2023-10-14 19:30:00+00:00,1.0,4
152287205,94065,5.0,False,False,False,False,False,NBA Snake Showdown $5 4-Player (NOP vs ATL),18.0,NBA,2023-10-14 19:30:00+00:00,5.0,4
152287206,94065,10.0,False,False,False,False,False,NBA Snake Showdown $10 4-Player (NOP vs ATL),36.0,NBA,2023-10-14 19:30:00+00:00,10.0,4
152287207,94065,20.0,False,False,False,False,False,NBA Snake Showdown $20 4-Player (NOP vs ATL),72.0,NBA,2023-10-14 19:30:00+00:00,20.0,4
152287208,94065,50.0,False,False,False,False,False,NBA Snake Showdown $50 4-Player (NOP vs ATL),180.0,NBA,2023-10-14 19:30:00+00:00,50.0,4
152287209,94065,109.0,False,False,False,False,False,NBA Snake Showdown $109 4-Player (NOP vs ATL),400.0,NBA,2023-10-14 19:30:00+00:00,109.0,4
152287210,94065,530.0,False,False,False,False,False,NBA Snake Showdown $530 4-Player (NOP vs ATL),2000.0,NBA,2023-10-14 19:30:00+00:00,530.0,4
152287211,94065,50.0,False,False,False,False,False,NBA Snake Showdown $50 3-Player (NOP vs ATL),135.0,NBA,2023-10-14 19:30:00+00:00,50.0,3
152287212,94065,1060.0,False,False,False,False,False,"NBA Snake Showdown $1,060 3-Player (NOP vs ATL)",3000.0,NBA,2023-10-14 19:30:00+00:00,1060.0,3
152287213,94065,2120.0,False,False,False,False,False,"NBA Snake Showdown $2,120 3-Player (NOP vs ATL)",6000.0,NBA,2023-10-14 19:30:00+00:00,2120.0,3
152287214,94069,1.0,False,False,False,False,False,NBA Snake Showdown $1 3-Player (POR vs UTA),2.7,NBA,2023-10-15 01:00:00+00:00,1.0,3
152287215,94069,1.0,False,False,False,False,False,NBA Snake Showdown $1 3-Player (POR vs UTA),2.7,NBA,2023-10-15 01:00:00+00:00,1.0,3
152287216,94069,1.0,False,False,False,False,False,NBA Snake Showdown $1 3-Player (POR vs UTA),2.7,NBA,2023-10-15 01:00:00+00:00,1.0,3
152287217,94069,5.0,False,False,False,False,False,NBA Snake Showdown $5 3-Player (POR vs UTA),13.5,NBA,2023-10-15 01:00:00+00:00,5.0,3
152287218,94069,5.0,False,False,False,False,False,NBA Snake Showdown $5 3-Player (POR vs UTA),13.5,NBA,2023-10-15 01:00:00+00:00,5.0,3
152287219,94069,10.0,False,False,False,False,False,NBA Snake Showdown $10 3-Player (POR vs UTA),27.0,NBA,2023-10-15 01:00:00+00:00,10.0,3
152287220,94069,10.0,False,False,False,False,False,NBA Snake Showdown $10 3-Player (POR vs UTA),27.0,NBA,2023-10-15 01:00:00+00:00,10.0,3
152287221,94069,10.0,False,False,False,False,False,NBA Snake Showdown $10 3-Player (POR vs UTA),27.0,NBA,2023-10-15 01:00:00+00:00,10.0,3
152287222,94069,20.0,False,False,False,False,False,NBA Snake Showdown $20 3-Player (POR vs UTA),54.0,NBA,2023-10-15 01:00:00+00:00,20.0,3
152287223,94069,109.0,False,False,False,False,False,NBA Snake Showdown $109 3-Player (POR vs UTA),300.0,NBA,2023-10-15 01:00:00+00:00,109.0,3
152287224,94069,530.0,False,False,False,False,False,NBA Snake Showdown $530 3-Player (POR vs UTA),1500.0,NBA,2023-10-15 01:00:00+00:00,530.0,3
152287225,94069,1.0,False,False,False,False,False,NBA Snake Showdown $1 4-Player (POR vs UTA),3.6,NBA,2023-10-15 01:00:00+00:00,1.0,4
152287226,94069,5.0,False,False,False,False,False,NBA Snake Showdown $5 4-Player (POR vs UTA),18.0,NBA,2023-10-15 01:00:00+00:00,5.0,4
152287227,94069,10.0,False,False,False,False,False,NBA Snake Showdown $10 4-Player (POR vs UTA),36.0,NBA,2023-10-15 01:00:00+00:00,10.0,4
152287228,94069,20.0,False,False,False,False,False,NBA Snake Showdown $20 4-Player (POR vs UTA),72.0,NBA,2023-10-15 01:00:00+00:00,20.0,4
152287229,94069,50.0,False,False,False,False,False,NBA Snake Showdown $50 4-Player (POR vs UTA),180.0,NBA,2023-10-15 01:00:00+00:00,50.0,4
152287230,94069,109.0,False,False,False,False,False,NBA Snake Showdown $109 4-Player (POR vs UTA),400.0,NBA,2023-10-15 01:00:00+00:00,109.0,4
152287231,94069,530.0,False,False,False,False,False,NBA Snake Showdown $530 4-Player (POR vs UTA),2000.0,NBA,2023-10-15 01:00:00+00:00,530.0,4
152287232,94069,50.0,False,False,False,False,False,NBA Snake Showdown $50 3-Player (POR vs UTA),135.0,NBA,2023-10-15 01:00:00+00:00,50.0,3
152287233,94069,1060.0,False,False,False,False,False,"NBA Snake Showdown $1,060 3-Player (POR vs UTA)",3000.0,NBA,2023-10-15 01:00:00+00:00,1060.0,3
152287234,94069,2120.0,False,False,False,False,False,"NBA Snake Showdown $2,120 3-Player (POR vs UTA)",6000.0,NBA,2023-10-15 01:00:00+00:00,2120.0,3
152287238,94067,1.0,False,False,False,False,False,NBA Snake $1 3-Player,2.7,NBA,2023-10-14 23:30:00+00:00,1.0,3
152287239,94067,5.0,False,False,False,False,False,NBA Snake $5 3-Player,13.5,NBA,2023-10-14 23:30:00+00:00,5.0,3
152287240,94067,5.0,False,False,False,False,False,NBA Snake $5 3-Player,13.5,NBA,2023-10-14 23:30:00+00:00,5.0,3
152287242,94067,20.0,False,False,False,False,False,NBA Snake $20 3-Player,54.0,NBA,2023-10-14 23:30:00+00:00,20.0,3
152287243,94067,20.0,False,False,False,False,False,NBA Snake $20 3-Player,54.0,NBA,2023-10-14 23:30:00+00:00,20.0,3
152287244,94067,50.0,False,False,False,False,False,NBA Snake $50 3-Player,135.0,NBA,2023-10-14 23:30:00+00:00,50.0,3
152287245,94067,109.0,False,False,False,False,False,NBA Snake $109 3-Player,300.0,NBA,2023-10-14 23:30:00+00:00,109.0,3
152287246,94067,530.0,False,False,False,False,False,NBA Snake $530 3-Player,1500.0,NBA,2023-10-14 23:30:00+00:00,530.0,3
152287247,94067,1.0,False,False,False,False,False,NBA Snake $1 4-Player,3.6,NBA,2023-10-14 23:30:00+00:00,1.0,4
152287248,94067,5.0,False,False,False,False,False,NBA Snake $5 4-Player,18.0,NBA,2023-10-14 23:30:00+00:00,5.0,4
152287249,94067,10.0,False,False,False,False,False,NBA Snake $10 4-Player,36.0,NBA,2023-10-14 23:30:00+00:00,10.0,4
152287250,94067,20.0,False,False,False,False,False,NBA Snake $20 4-Player,72.0,NBA,2023-10-14 23:30:00+00:00,20.0,4
152287251,94067,50.0,False,False,False,False,False,NBA Snake $50 4-Player,180.0,NBA,2023-10-14 23:30:00+00:00,50.0,4
152287252,94067,109.0,False,False,False,False,False,NBA Snake $109 4-Player,400.0,NBA,2023-10-14 23:30:00+00:00,109.0,4
152287253,94067,530.0,False,False,False,False,False,NBA Snake $530 4-Player,2000.0,NBA,2023-10-14 23:30:00+00:00,530.0,4
152287254,94067,1060.0,False,False,False,False,False,"NBA Snake $1,060 3-Player",3000.0,NBA,2023-10-14 23:30:00+00:00,1060.0,3
152287255,94067,2120.0,False,False,False,False,False,"NBA Snake $2,120 3-Player",6000.0,NBA,2023-10-14 23:30:00+00:00,2120.0,3
152313500,94066,3.0,True,False,False,False,False,Casual NBA $3 50-50,27.0,NBA,2023-10-14 23:30:00+00:00,3.0,10
152313749,94066,0.0,False,False,False,False,False,NBA FREE 200-Player,0.0,NBA,2023-10-14 23:30:00+00:00,0.0,200
152313778,94066,5.0,False,False,False,False,False,NBA $5 3-Player,13.5,NBA,2023-10-14 23:30:00+00:00,5.0,3
152313788,94064,0.0,False,False,False,False,False,NBA Showdown FREE 200-Player (NOP vs ATL),0.0,NBA,2023-10-14 19:30:00+00:00,0.0,200
152316631,94067,10.0,False,False,False,False,False,NBA Snake $10 3-Player,27.0,NBA,2023-10-14 23:30:00+00:00,10.0,3
152316675,94067,1.0,False,False,False,False,False,NBA Snake $1 3-Player,2.7,NBA,2023-10-14 23:30:00+00:00,1.0,3
152317396,94066,1.0,False,False,True,False,True,NBA Satellite to NBA $1M Opening Tip Off,10.0,NBA,2023-10-14 23:30:00+00:00,1.0,11
152317542,94064,5.0,False,False,False,False,False,NBA Showdown $5 5-Player (NOP vs ATL),22.5,NBA,2023-10-14 19:30:00+00:00,5.0,5
152317568,94064,2.0,False,False,False,False,False,NBA Showdown $2 10-Player (NOP vs ATL),18.0,NBA,2023-10-14 19:30:00+00:00,2.0,10
